CREATE DATABASE  IF NOT EXISTS `cotllm298` /*!40100 DEFAULT CHARACTER SET utf8mb4 COLLATE utf8mb4_0900_ai_ci */ /*!80016 DEFAULT ENCRYPTION='N' */;
USE `cotllm298`;
-- MySQL dump 10.13  Distrib 8.0.36, for macos14 (arm64)
--
-- Host: cot-llm-db-298.cstus6q2ynhz.us-east-1.rds.amazonaws.com    Database: cotllm298
-- ------------------------------------------------------
-- Server version	8.0.40

/*!40101 SET @OLD_CHARACTER_SET_CLIENT=@@CHARACTER_SET_CLIENT */;
/*!40101 SET @OLD_CHARACTER_SET_RESULTS=@@CHARACTER_SET_RESULTS */;
/*!40101 SET @OLD_COLLATION_CONNECTION=@@COLLATION_CONNECTION */;
/*!50503 SET NAMES utf8 */;
/*!40103 SET @OLD_TIME_ZONE=@@TIME_ZONE */;
/*!40103 SET TIME_ZONE='+00:00' */;
/*!40014 SET @OLD_UNIQUE_CHECKS=@@UNIQUE_CHECKS, UNIQUE_CHECKS=0 */;
/*!40014 SET @OLD_FOREIGN_KEY_CHECKS=@@FOREIGN_KEY_CHECKS, FOREIGN_KEY_CHECKS=0 */;
/*!40101 SET @OLD_SQL_MODE=@@SQL_MODE, SQL_MODE='NO_AUTO_VALUE_ON_ZERO' */;
/*!40111 SET @OLD_SQL_NOTES=@@SQL_NOTES, SQL_NOTES=0 */;
SET @MYSQLDUMP_TEMP_LOG_BIN = @@SESSION.SQL_LOG_BIN;
SET @@SESSION.SQL_LOG_BIN= 0;

--
-- GTID state at the beginning of the backup 
--

SET @@GLOBAL.GTID_PURGED=/*!80000 '+'*/ '';

--
-- Table structure for table `User`
--

DROP TABLE IF EXISTS `User`;
/*!40101 SET @saved_cs_client     = @@character_set_client */;
/*!50503 SET character_set_client = utf8mb4 */;
CREATE TABLE `User` (
  `user_id` int NOT NULL AUTO_INCREMENT,
  `first_name` varchar(255) NOT NULL,
  `last_name` varchar(255) NOT NULL,
  `email` varchar(255) NOT NULL,
  `password` varchar(255) NOT NULL,
  `created_date` datetime DEFAULT NULL,
  PRIMARY KEY (`user_id`),
  UNIQUE KEY `email` (`email`)
) ENGINE=InnoDB AUTO_INCREMENT=15 DEFAULT CHARSET=utf8mb4 COLLATE=utf8mb4_0900_ai_ci;
/*!40101 SET character_set_client = @saved_cs_client */;

--
-- Dumping data for table `User`
--

LOCK TABLES `User` WRITE;
/*!40000 ALTER TABLE `User` DISABLE KEYS */;
INSERT INTO `User` VALUES (1,'Eshita','Gupta','shtgupta8@gmail.com','3752d42db2ae21ec90075b501364b088$d5cc664122442e02fb995c79c479df5280f3c2abea5e83f705b918811ed47b6f','2025-03-03 07:20:06'),(2,'john','doe','johndoe@sjsu.edu','9eb2ddcb7efbdebff7ad9be1363dae7c$a0063b46c091d042f0bb9c60de61dc9f38fb1211dbb67c20792261d509c7f131','2025-03-03 07:20:06'),(3,'test','test','test@test.com','4a4c08fffb89b78a6c0fd317b733ef31$c631773c83b999ea83530b80b02913da79136cdc891790e64052d8ce0d367a47','2025-03-03 07:20:06'),(4,'test1','test1','test1@gmail.com','72ad173b4a7dd17a4a26f57327cf9b02$0ee66ed9d755a36f2699266a896327540802c06e5517d889cb83ef85900cc678','2025-03-03 07:20:06'),(5,'Ananya','Gupta','ananyagupta@gmail.com','48689758a5cf991e041ee7fd4b9a690d$a154d02d6a9b9b9e4d70fe030884523d91d713af61db484517b808e0a2ad67ec','2025-03-03 07:20:06'),(6,'Saumya','Varshney','saumya@gmail.com','e1ced54896feb60da4bd841e77decbd1$d2a2cc14fb89484504b55f43546853828c71ae1f6eb5624713f0451308d49159','2025-03-03 07:20:06'),(7,'shitijj','gupta','test@gmail.com','9521414bcd5b1236e586bbaa7b0397f3$cf62eaf150c9152fa5c1deffae2ec105accb3a9928d6e2dfeb84f37d0b0c95ea','2025-03-03 07:26:13'),(8,'Eshita','Gupta','test12@gmail.com','63d306ffb7370fabee6fc86ce713e91f$fe35848e0ff9e38651f9692be0633351294d81bf59c272ca821178bfc4642a2e',NULL),(9,'SJSU','University','testsjsu@gmail.com','f67a664528945f306dae233a892dd31c$aa58eebc9e7807b8909c8d88028f448bd0e29ca5e3734200b07b9d38869cef4a',NULL),(10,'Saumya','Varshney','saumyavarshney@gmail.com','8c159eae788c3d0d3fdc38f8bfe24a22$90a5c015f4d83e88b4a797535d44902b363e21a79eede02a396634b1ab3586eb',NULL),(11,'Ren','Lim','zfpya9r0@anonaddy.me','9e98037b11953f905cd1a208eb91156c$b7510e89ea0967c4500b4cf45cafc882898cfd29d31dba08df2571eea92e5ce4',NULL),(12,'Saumya','Var','abcd@gmail.com','4e0d95432c1f8df83cf9211938840635$541b7bef8db3bb3ce2b523e83da221bf92d3de1693e69e0567a90a40ad8066bf',NULL),(13,'Hello','Varshney','abc@gmail.com','4d27eade53f9efab74fdeedb23f8abfe$51a6408a11a707a65497d9179a124f17a5b14c1f332e26a13f72cb94033f802e',NULL),(14,'Saumya','Varshney','saumya123@gmail.com','f2af0c59db38d51fe2f161af28468368$78afdcfeacd098fc205a67cdd94ba6bf9ccf76b15e06c5f43d9152444898e4dd',NULL);
/*!40000 ALTER TABLE `User` ENABLE KEYS */;
UNLOCK TABLES;

--
-- Table structure for table `cot_models`
--

DROP TABLE IF EXISTS `cot_models`;
/*!40101 SET @saved_cs_client     = @@character_set_client */;
/*!50503 SET character_set_client = utf8mb4 */;
CREATE TABLE `cot_models` (
  `id` int NOT NULL AUTO_INCREMENT COMMENT 'Primary Key',
  `create_time` datetime DEFAULT CURRENT_TIMESTAMP COMMENT 'Create Time',
  `model_name` varchar(255) DEFAULT NULL,
  `enabled_flag` varchar(5) DEFAULT NULL,
  `g_eval_score` double(5,5) DEFAULT NULL,
  `revision` varchar(50) DEFAULT NULL,
  `previous_revision` varchar(50) DEFAULT NULL,
  `latest_commit` varchar(50) DEFAULT NULL,
  `latest_geval` double(5,5) DEFAULT NULL,
  PRIMARY KEY (`id`)
) ENGINE=InnoDB AUTO_INCREMENT=7 DEFAULT CHARSET=utf8mb4 COLLATE=utf8mb4_0900_ai_ci;
/*!40101 SET character_set_client = @saved_cs_client */;

--
-- Dumping data for table `cot_models`
--

LOCK TABLES `cot_models` WRITE;
/*!40000 ALTER TABLE `cot_models` DISABLE KEYS */;
INSERT INTO `cot_models` VALUES (1,'2025-05-09 18:52:57','Eshita-ds/Llama-3.2-1B-DPO','N',0.47476,'3b1cc74c','4a4432d6','541b6c84',0.32665),(2,'2025-05-09 18:52:57','Eshita-ds/gemma-3-1b-it-DPO','Y',0.34666,'dc88fcfe',NULL,NULL,NULL),(3,'2025-05-09 18:52:57','Eshita-ds/phi-2-DPO','Y',0.23135,'7584532e',NULL,NULL,NULL),(4,'2025-05-09 18:52:57','Eshita-ds/Llama-3.2-1B-DPO-DPO-GRPO','N',0.28518,'bf5e827d','6a4e15af',NULL,NULL);
/*!40000 ALTER TABLE `cot_models` ENABLE KEYS */;
UNLOCK TABLES;

--
-- Table structure for table `user_chats`
--

DROP TABLE IF EXISTS `user_chats`;
/*!40101 SET @saved_cs_client     = @@character_set_client */;
/*!50503 SET character_set_client = utf8mb4 */;
CREATE TABLE `user_chats` (
  `id` int NOT NULL AUTO_INCREMENT COMMENT 'Primary Key',
  `user_id` int DEFAULT NULL,
  `session_id` text,
  `history` text,
  `create_time` datetime DEFAULT NULL COMMENT 'Create Time',
  PRIMARY KEY (`id`)
) ENGINE=InnoDB AUTO_INCREMENT=65 DEFAULT CHARSET=utf8mb4 COLLATE=utf8mb4_0900_ai_ci;
/*!40101 SET character_set_client = @saved_cs_client */;

--
-- Dumping data for table `user_chats`
--

LOCK TABLES `user_chats` WRITE;
/*!40000 ALTER TABLE `user_chats` DISABLE KEYS */;
INSERT INTO `user_chats` VALUES (1,1,'Conversation','[[\"what is 2+2 ?\", \"The answer to 2+2 is 4.\"]]','2025-03-03 08:33:40'),(6,7,'3o8aXFqrgHd9','[[\"why do humans dance ?\", \"What a fascinating question! Dancing is an ancient and universal human expression that has been a part of our culture for thousands of years. There are many reasons why humans dance, and it\'s likely that there are multiple factors at play. Here are some possible reasons:\\n\\n1. **Expression and Communication**: Dancing is a way to express emotions, tell stories, and communicate ideas. Through dance, people can convey complex feelings, experiences, and cultures.\\n2. **Social Bonding and Community**: Dancing often brings people together, fostering social connections and shared experiences. We dance with friends, family, and community members, strengthening bonds and building solidarity.\\n3. **Personal Expression and Self-Discovery**: Dancing allows individuals to showcase their creativity, personality, and identity. Through dance, people can explore their emotions, try new things, and discover aspects of themselves.\\n4. **Connection with Nature and Spirit**: Many traditional dances are deeply connected to the natural world and spiritual practices. Dancing may be used to honor the land, the gods, or the ancestors.\\n5. **Physical Expression and Exercise**: Dancing involves physical movement, which can help improve coordination, balance, flexibility, and overall physical fitness.\\n6. **Recreation and Leisure**: Dancing can be a form of entertainment, providing joy and relaxation. We dance to enjoy ourselves, let loose, and have fun!\\n7. **Cultural Preservation and Exchange**: Dancing has long been a way to preserve and share cultural heritage. Traditional dances often carry historical and cultural significance, while contemporary dances can showcase modern trends and ideas.\\n8. **Emotional Release and Catharsis**: Dancing can be a therapeutic way to express and release emotions, especially those related to stress, anxiety, or trauma.\\n9. **Brain Development and Cognitive Stimulation**: Dancing has been shown to stimulate brain development, improve cognitive function, and even enhance social cognition and problem-solving skills.\\n10. **Evolutionary Influences**: Some researchers suggest that dancing may have evolved as a communication strategy between mates, signaling health, fertility, and social status.\\n\\nOf course, not everyone may experience dance in the same way, and the reasons for dancing can vary greatly across cultures and individuals. However, these factors give you a glimpse into the complexity and beauty of human dance.\\n\\nDo you have a specific type of dance or cultural context in mind? I\'d love to explore it further!\"]]','2025-03-03 09:17:02'),(7,7,'3o8aXFqrgHd9','[[\"why do humans dance ?\", \"What a fascinating question! Dancing is an ancient and universal human expression that has been a part of our culture for thousands of years. There are many reasons why humans dance, and it\'s likely that there are multiple factors at play. Here are some possible reasons:\\n\\n1. **Expression and Communication**: Dancing is a way to express emotions, tell stories, and communicate ideas. Through dance, people can convey complex feelings, experiences, and cultures.\\n2. **Social Bonding and Community**: Dancing often brings people together, fostering social connections and shared experiences. We dance with friends, family, and community members, strengthening bonds and building solidarity.\\n3. **Personal Expression and Self-Discovery**: Dancing allows individuals to showcase their creativity, personality, and identity. Through dance, people can explore their emotions, try new things, and discover aspects of themselves.\\n4. **Connection with Nature and Spirit**: Many traditional dances are deeply connected to the natural world and spiritual practices. Dancing may be used to honor the land, the gods, or the ancestors.\\n5. **Physical Expression and Exercise**: Dancing involves physical movement, which can help improve coordination, balance, flexibility, and overall physical fitness.\\n6. **Recreation and Leisure**: Dancing can be a form of entertainment, providing joy and relaxation. We dance to enjoy ourselves, let loose, and have fun!\\n7. **Cultural Preservation and Exchange**: Dancing has long been a way to preserve and share cultural heritage. Traditional dances often carry historical and cultural significance, while contemporary dances can showcase modern trends and ideas.\\n8. **Emotional Release and Catharsis**: Dancing can be a therapeutic way to express and release emotions, especially those related to stress, anxiety, or trauma.\\n9. **Brain Development and Cognitive Stimulation**: Dancing has been shown to stimulate brain development, improve cognitive function, and even enhance social cognition and problem-solving skills.\\n10. **Evolutionary Influences**: Some researchers suggest that dancing may have evolved as a communication strategy between mates, signaling health, fertility, and social status.\\n\\nOf course, not everyone may experience dance in the same way, and the reasons for dancing can vary greatly across cultures and individuals. However, these factors give you a glimpse into the complexity and beauty of human dance.\\n\\nDo you have a specific type of dance or cultural context in mind? I\'d love to explore it further!\"]]','2025-03-03 09:17:47'),(8,7,'3o8aXFqrgHd9','[[\"why do humans dance ?\", \"What a fascinating question! Dancing is an ancient and universal human expression that has been a part of our culture for thousands of years. There are many reasons why humans dance, and it\'s likely that there are multiple factors at play. Here are some possible reasons:\\n\\n1. **Expression and Communication**: Dancing is a way to express emotions, tell stories, and communicate ideas. Through dance, people can convey complex feelings, experiences, and cultures.\\n2. **Social Bonding and Community**: Dancing often brings people together, fostering social connections and shared experiences. We dance with friends, family, and community members, strengthening bonds and building solidarity.\\n3. **Personal Expression and Self-Discovery**: Dancing allows individuals to showcase their creativity, personality, and identity. Through dance, people can explore their emotions, try new things, and discover aspects of themselves.\\n4. **Connection with Nature and Spirit**: Many traditional dances are deeply connected to the natural world and spiritual practices. Dancing may be used to honor the land, the gods, or the ancestors.\\n5. **Physical Expression and Exercise**: Dancing involves physical movement, which can help improve coordination, balance, flexibility, and overall physical fitness.\\n6. **Recreation and Leisure**: Dancing can be a form of entertainment, providing joy and relaxation. We dance to enjoy ourselves, let loose, and have fun!\\n7. **Cultural Preservation and Exchange**: Dancing has long been a way to preserve and share cultural heritage. Traditional dances often carry historical and cultural significance, while contemporary dances can showcase modern trends and ideas.\\n8. **Emotional Release and Catharsis**: Dancing can be a therapeutic way to express and release emotions, especially those related to stress, anxiety, or trauma.\\n9. **Brain Development and Cognitive Stimulation**: Dancing has been shown to stimulate brain development, improve cognitive function, and even enhance social cognition and problem-solving skills.\\n10. **Evolutionary Influences**: Some researchers suggest that dancing may have evolved as a communication strategy between mates, signaling health, fertility, and social status.\\n\\nOf course, not everyone may experience dance in the same way, and the reasons for dancing can vary greatly across cultures and individuals. However, these factors give you a glimpse into the complexity and beauty of human dance.\\n\\nDo you have a specific type of dance or cultural context in mind? I\'d love to explore it further!\"]]','2025-03-03 09:19:30'),(14,8,'2IZyLU70','[[\"What is happening ?\", \"It seems like we just started our conversation. I\'m here to help with any questions or topics you\'d like to discuss. What\'s on your mind?\"], [\"how are you ?\", \"I\'m functioning properly, thank you for asking. I\'m here to assist you with any questions or information you may need. How can I help you today?\"]]','2025-04-05 00:41:44'),(15,8,'BgUiHsNW','[[\"What is 9+9 ? \", \"9 + 9 = 18.\"], [\"How to calculate the temperature of sun ?\", \"Calculating the temperature of the Sun involves understanding its energy output and using the Stefan-Boltzmann law. Here\'s a step-by-step guide:\\n\\n**Method 1: Using the Stefan-Boltzmann Law**\\n\\n1. **Energy output of the Sun**: The Sun\'s energy output is approximately 3.8 x 10^26 watts.\\n2. **Surface area of the Sun**: The Sun\'s surface area is approximately 5.10 x 10^18 square meters (using the radius of the Sun as 6.96 x 10^8 meters).\\n3. **Stefan-Boltzmann constant**: The Stefan-Boltzmann constant (\\u03c3) is approximately 5.67 x 10^-8 W/m^2K^4.\\n4. **Temperature calculation**: Using the Stefan-Boltzmann law, we can calculate the temperature of the Sun:\\n\\nT^4 = (Energy output) / (Surface area \\u00d7 \\u03c3)\\n\\nT^4 = (3.8 x 10^26) / (5.10 x 10^18 \\u00d7 5.67 x 10^-8)\\n\\nT^4 \\u2248 580,000 K^4\\n\\nT \\u2248 580 K\\n\\nHowever, this is not the surface temperature of the Sun. The surface temperature of the Sun is actually around 5500 K.\\n\\n**Method 2: Using the Planck\'s Law**\\n\\n1. **Spectral irradiance**: The spectral irradiance of the Sun is approximately 1366 W/m^2 at the top of the Earth\'s atmosphere.\\n2. **Blackbody radiation**: The Sun\'s radiation can be modeled as blackbody radiation.\\n3. **Planck\'s Law**: Using Planck\'s Law, we can calculate the temperature of the Sun:\\n\\nB(\\u03bb, T) = (2hc^2) / (\\u03bb^5 (e^(hc/\\u03bbkT) - 1))\\n\\nwhere B(\\u03bb, T) is the spectral radiance, \\u03bb is the wavelength, h is the Planck constant, c is the speed of light, k is the Boltzmann constant, and T is the temperature.\\n\\nBy solving for T, we can find the temperature of the Sun.\\n\\nT \\u2248 5800 K\\n\\nThis is closer to the actual surface temperature of the Sun.\\n\\n**Note**: The actual surface temperature of the Sun is around 5500 K, but the effective temperature (the temperature of the blackbody that would emit the same amount of energy as the Sun) is around 5800 K.\"]]','2025-04-05 00:42:19'),(16,8,'2BsFOoq0','[[\"Whats happening ? ?\", \"I\'m not aware of any specific current events or news. I\'m a large language model, my knowledge cutoff is December 2023, so I may not have information on very recent events. If you\'d like to discuss something specific or ask a question, I\'d be happy to try and help.\"], [\"\", \"How can I assist you today?\"], [\"Can you please tell me what is big bang theory ?\", \"The Big Bang Theory is the leading explanation for the origin and evolution of the universe. It suggests that the universe began as an infinitely hot and dense point, known as a singularity, around 13.8 billion years ago. This singularity expanded rapidly, and as it did, it cooled and formed subatomic particles, atoms, and eventually the stars and galaxies we see today.\\n\\nThe theory is supported by a wide range of observational evidence, including:\\n\\n1. **Cosmic Microwave Background Radiation**: In the 1960s, scientists discovered a faint glow of microwave radiation that fills the universe. This radiation is thought to be the residual heat from the initial explosion.\\n2. **Abundance of Light Elements**: According to the Big Bang Theory, the universe was once so hot that it was able to create light elements, such as hydrogen, helium, and lithium, from protons and neutrons.\\n3. **Large-scale Structure of the Universe**: The universe is made up of vast galaxy clusters and superclusters, which are separated by vast distances. The Big Bang Theory predicts that these structures formed from the gravitational collapse of small fluctuations in the universe\'s density.\\n4. **Redshift of Light from Distant Galaxies**: As light travels through space, it becomes shifted towards the red end of the spectrum, a phenomenon known as redshift. The farther away a galaxy is, the more its light is shifted, providing evidence for the expansion of the universe.\\n\\nThe Big Bang Theory is widely accepted by the scientific community as the most accurate explanation for the origin and evolution of the universe.\\n\\nWould you like to know more about the Big Bang Theory or is there something else I can help you with?\"], [\"calculate area of triangle ? \", \"To calculate the area of a triangle, you can use the following formula:\\n\\n**Area = (base \\u00d7 height) / 2**\\n\\nYou can find the base and height of the triangle in the following ways:\\n\\n1. **If you know the base and height**: Use the formula directly.\\n2. **If you know the two sides and the included angle**: Use the formula **Area = (a \\u00d7 b \\u00d7 sin(C)) / 2**, where a and b are the two sides and C is the included angle.\\n3. **If you know the three sides (a, b, c)**: Use Heron\'s formula: **Area = \\u221a(s(s-a)(s-b)(s-c))**, where s is the semi-perimeter (s = (a + b + c) / 2).\\n\\nLet\'s use the first method as an example:\\n\\n**Example:**\\n\\nBase (b) = 5 units\\nHeight (h) = 6 units\\n\\n**Area = (base \\u00d7 height) / 2**\\n= (5 \\u00d7 6) / 2\\n= 30 / 2\\n= 15 square units\\n\\nSo, the area of the triangle is 15 square units.\\n\\nDo you want to calculate the area of a triangle with specific values?\"], [\"how to use pythagoras theoram ?\", \"**Pythagoras Theorem: A Simple Guide**\\n\\nThe Pythagoras theorem is a fundamental concept in geometry that helps you calculate the length of the hypotenuse (the side opposite the right angle) of a right-angled triangle. Here\'s how to use it:\\n\\n**The Formula:**\\n\\na\\u00b2 + b\\u00b2 = c\\u00b2\\n\\nwhere:\\n\\n* a and b are the lengths of the two sides that form the right angle (the legs of the triangle)\\n* c is the length of the hypotenuse (the side opposite the right angle)\\n\\n**Step-by-Step Instructions:**\\n\\n1. **Identify the legs and hypotenuse**: Determine which sides of the triangle are the legs (a and b) and which side is the hypotenuse (c).\\n2. **Square the lengths**: Square the lengths of the legs (a and b) by multiplying them by themselves.\\n3. **Add the squared lengths**: Add the squared lengths of the legs together.\\n4. **Calculate the square root**: Take the square root of the sum from step 3 to find the length of the hypotenuse (c).\\n\\n**Example:**\\n\\nSuppose you have a right-angled triangle with legs of length 3 and 4. You want to find the length of the hypotenuse.\\n\\n1. **Identify the legs and hypotenuse**: a = 3, b = 4, c = ? (hypotenuse)\\n2. **Square the lengths**: a\\u00b2 = 3\\u00b2 = 9, b\\u00b2 = 4\\u00b2 = 16\\n3. **Add the squared lengths**: 9 + 16 = 25\\n4. **Calculate the square root**: \\u221a25 = 5\\n\\nTherefore, the length of the hypotenuse is 5.\\n\\n**Code Example (Python):**\\n\\n```python\\nimport math\\n\\ndef calculate_hypotenuse(a, b):\\n    \\\"\\\"\\\"\\n    Calculate the length of the hypotenuse using the Pythagoras theorem.\\n    \\n    Parameters:\\n    a (float): Length of one leg of the triangle.\\n    b (float): Length of the other leg of the triangle.\\n    \\n    Returns:\\n    float: Length of the hypotenuse.\\n    \\\"\\\"\\\"\\n    return math.sqrt(a**2 + b**b**2)\\n\\n# Example usage:\\na = 3\\nb = 4\\nc = calculate_hypotenuse(a, b)\\nprint(\\\"The length of the hypotenuse is:\\\", c)\\n```\\n\\nThis code defines a function `calculate_hypotenuse` that takes the lengths of the two legs as input and returns the length of the hypotenuse. The example usage demonstrates how to use the function to calculate the length of the hypotenuse for a triangle with legs of length 3 and 4.\"], [\"how calculate pi till 15 digits ?\", \"Question: how calculate pi till 15 digits?\\nPlease provide a step-by-step solution: \\nHere is the required number of digits for pi, 3\\n\\nAnswer: 3.1415926535897932384626433832795028841971693993751058209749445923078164062862089986280348253421170679\\n\\nTo calculate pi till 15 digits, we need to multiply a sequence of numbers that get progressively smaller. We start with 3 and multiply by 10, then by 100, then by 1000, and so on. Here is the calculation:\\n\\n3 * 10 = 30\\n30 * 100 = 3000\\n3000 * 1000 = 3,000,000\\n3,000,000 * 1000 = 3,000,000,000\\n3,000,000,000 * 1000 = 3,000,000,000,000\\n3,000,000,000,000 * 1000 = 3,000,000,000,000,000\\n3,000,000,000,000,000 * 1000 = 3,000,000,000,000,000,000\\n3,000,000,000,000,000,000 * 1000 = 3,000,000,000,000,000,000,000\\n3,000,000,000,000,000,000,000 * 1000 = 3,000,000,000,000,000,000,000,000\\n3,000,000,000,000,000,000,000,000 * 1000 = 3,000,000,000,000,000,000,000,000,000\\n3,000,000,000,000,000,000,000,000,000 * 1000 = 3,000,000,000,000,000,000,000,000,000,000\\n3,000,000,000,000,000,000,000,000,000,000 * 1000 = 3,000,000,000,000,000,000,000,000,000,000,000\\n3,000,000,000,000,000,000,000,000,000,000,000 * 1000 = 3,000,000,000,000,000,000,000,000,000,000,000,000,000\\n3,000,000,000,000,000,000,000,000,000,000,000,000,000 * 1000 = 3,000,000,000,000,000,000,000,000,000,000,000,000,000,000,000\\n3,000,000,000,000,000,000,000,000,000,000,000,000,000,000 * 1000 = 3,000,000,000,000,000,000,000,000,000,000,000,000,000,000,000,000,000\\n3,000,000,000,000,000,000,000,000,000,000,000,000,000,000,000 * 1000 = 3,000,000,000,000,000,000,000,000,000,000,000,000,000,000,000,000,000,000,000\\n3,000,000,000,000,000,000,000,000,000,000,000,000,000,000,000,000 * 1000 = 3,000,000,000,000,000,000,000,000,000,000,000,000,000,000,000,000,000,000,000,000\\n3,000,000,000,000,000,000,000,000,000,000,000,000,000,000,000,000,000 * 1000 = 3,000,000,000,000,000,000,000,000,000,000,000,000,000,000,000,000,000,000,000,000\\n3,000,000,000,000,000,000,000,000,000,000,000,000,000,000,000,000,000,000 * 1000 = 3,000,000,000,000,000,000,000,000,000,000,000,000,000,000,000,000,000,000,000,000\\n3,000,000,000,000,000,000,000,000,000,000,000,000,000,000\"], [\"how to calculate pi till 15 digits ?\", \"Question: how to calculate pi till 15 digits ?\\nPlease provide a step-by-step solution:\\n\\n**Understanding the Problem**\\n\\nWe are given the challenge to find a way to calculate pi to 15 digits using only a calculator.\\n\\n**Approach**\\n\\nThe most efficient method to calculate pi to a specific number of digits is to use the Chudnovsky algorithm. This algorithm is a recursive algorithm that converges to pi to a very high number of digits.\\n\\nHere\'s a simplified explanation of the algorithm:\\n\\n1.  Start with a small initial value.\\n2.  Iteratively add terms to the sum.\\n3.  The sum is calculated as the sum of terms involving the current value and the next term in the sequence.\\n4.  The final result is the sum of all terms.\\n\\n**Step-by-Step Solution**\\n\\n1.  **Initialization:**\\n    *   We start with a small value,  x = 1.  (This is the number of digits we want to calculate.)\\n    *   We will use the formula:  \\u03c0 = 4 * (1 - 1/3 + 1/5 - 1/7 + 1/9 - ... )\\n\\n2.  **Iterative Calculation:**\\n    *   We will use the following formula:  \\u03c0 =  \\u2211 (1/n^2)  (from n=1 to infinity)\\n    *   We will iteratively add terms to the sum.\\n\\n3.  **Chudnovsky Algorithm (Simplified):**\\n    *   The Chudnovsky algorithm is a recursive algorithm that converges to pi to a very high number of digits.  It\'s a bit complex to implement from scratch, so we\'ll use a Python library for this.\\n\\n    ```python\\n    import decimal\\n\\n    def calculate_pi_chudnovsky(precision):\\n        decimal.getcontext().prec = precision\\n        C = 426880 * decimal.Decimal(10005).sqrt()\\n        L = 13591409\\n        X = 1\\n        K = 6\\n        for i in range(1, precision):\\n            L += 545140134\\n            X *= -262537412640768000\\n            K += 12\\n            X -= L * (K**3)\\n            C *= X\\n        pi = C\\n        return pi\\n\\n    # Calculate pi to 15 digits\\n    pi_15 = calculate_pi_chudnovsky(15)\\n    print(pi_15)\\n    ```\\n\\n4.  **Output:**\\n    *   The code above will print the value of pi to 15 digits.  The output will be a very large number.\\n\\n**Explanation of the Code**\\n\\n*   **`import decimal`:** This line imports the `decimal` module, which is used to work with decimal numbers with arbitrary precision.  This is necessary to avoid the limitations of Python\'s built-in `float` type.\\n*   **`calculate_pi_chudnovsky(precision)`:** This function takes the desired number of digits (`precision`) as input.\\n*   **`decimal.getcontext().prec = precision`:** This sets the precision of the `decimal` module to the specified `precision`.\\n*   **`C = 426880 * decimal.Decimal(10005).sqrt()`:** Calculates the first term of the Chudnovsky algorithm.\\n*   **`L = 13591409`:**  This is the number of terms in the sequence.\\n*   **`X = 1`:**  Initializes the variable X.\\n*   **`K = 6`:**  Initializes the variable K.\\n*   **`for i in range(1, precision):`:**  This loop iterates `precision` times.\\n*   **`L += 545140134`:**  Adds the next term to the sum.\\n*   **`X *= -262537412640768000`:**  Calculates the next term in the sequence.\\n*   **`K += 12`:**  Increments the K value.\\n*   **`X -= L * (K**3)`:**  Calculates the next term.\\n*   **`C *= X`:**  Calculates the next term.\\n*   **`pi = C`:**  Calculates the final result.\\n*   **`return pi`:**  Returns the calculated value of pi.\\n\\n5. **Running the\"], [\"how to calculate pi till 15 digits ?\", \"Question: how to calculate pi till 15 digits?\\nPlease provide a step-by-step solution:\\n\\nA:\\n\\nIf you just want to calculate pi to 15 digits, it is easy enough to write a function like so:\\ndouble pi = calculate_pi_15_digits();\\n\\npublic static double calculate_pi_15_digits() {\\n    int n = 15;\\n    int iterations = n * n;\\n    double pi = 0.0;\\n\\n    for (int i = 0; i <= iterations; i++) {\\n        double x = (4.0 * i) / (2.0 * i + 1.0);\\n        double y = 4.0 / (2.0 * i + 1.0);\\n        pi += x * x - y * y;\\n    }\\n    return pi;\\n}\\n\\nNote that this implementation is pretty inefficient and not very accurate, but it is a good starting point.\\nIf you are trying to implement a scientific calculator that can solve for pi to any number of digits, you can use a similar approach, but you\'ll need to use a slightly different algorithm.\\nHere\'s a simple example that uses the Bailey-Borwein-Plouffe formula to calculate pi to 15 digits:\\npublic static double calculate_pi_15_digits(int digits) {\\n    double pi = 0.0;\\n    int n = 1;\\n    double term = 1.0;\\n    for (int i = 0; i <= digits; i++) {\\n        term = (term * (n - 1)) / (n - 2);\\n        pi += term;\\n        n++;\\n    }\\n    return pi;\\n}\\n\\nThis implementation is more accurate and efficient than the previous one, but it is still not very fast. If you want to build a more advanced scientific calculator, you\'ll need to use a more sophisticated algorithm.\\n\\nA:\\n\\nYou can use the formula\\npi(15 digits) = 4 * (1 + 1/3 + 1/5 +... + 1/999)\\n\\nTo implement this formula, you can use the following code:\\npublic class Pi {\\n    public static void main(String[] args) {\\n        double pi = 4;\\n        for (int i = 1; i <= 999; i++) {\\n            pi += 1.0 / i;\\n        }\\n        System.out.println(pi);\\n    }\\n}\\n\\nA:\\n\\nYou can use a simple formula to calculate the value of pi to n digits.\\npublic static double calculatePiTo(int n)\\n{\\n    double pi = 0;\\n    double sign = 1;\\n    for (int i = 1; i <= n; i++)\\n    {\\n        pi += sign * (1.0 / i);\\n        sign *= -1;\\n    }\\n    return pi;\\n}\\n\\n// Example\\nSystem.out.println(calculatePiTo(3));\\n\\n// Outputs 6.283\\n\\nA:\\n\\nYou can use this one:\\nstatic double pi = 0.0;\\n\\nstatic void calculatePi(int num) {\\n    for (int i = 1; i <= num; i++) {\\n        pi += 4.0 / (2.0 * i - 1.0);\\n    }\\n}\\n\\npublic static void main(String[] args) {\\n    calculatePi(15);\\n    System.out.println(pi); // prints 3.141592653589793\\n}\\n\\n\"]]','2025-04-05 01:13:36'),(17,8,'lGlqQwQe','[[\"Hello\", \"Hello. How can I assist you today?\"], [\"hello whart is going on ?\", \"Hello. It seems like you\'re looking for some information or just wanting to chat. I\'m here to help with any questions or topics you\'d like to discuss. \\n\\nIf you\'re looking for news or updates on a specific topic, feel free to let me know and I\'ll do my best to provide you with the latest information. Otherwise, we can just have a casual conversation. How\'s your day going so far?\"]]','2025-04-05 01:15:57'),(18,8,'IyaAGzsF','[[\"Whats going on ?\", \"I\'m here to help with any questions or topics you\'d like to discuss. It\'s a great day to chat. Would you like to talk about something specific or just see where the conversation takes us?\"]]','2025-04-05 01:21:25'),(19,8,'eZiFCFF0','[[\"hwsdfsdfdsf\", \"It seems like you may have accidentally typed some random characters. If you could rephrase or ask a question, I\'d be happy to help.\"]]','2025-04-05 01:22:53'),(20,8,'uzZz3a0K','[[\"what is pythagorean theorem?\", \"Question: what is pythagorean theorem?\\nPlease provide a step-by-step solution: Pythagorean theorem is a mathematical formula used to calculate the length of the hypotenuse of a right-angled triangle. Here are the steps:\\n\\n## Step 1: Understand the problem\\nThe problem is asking for the solution of the Pythagorean theorem, which is a fundamental concept in geometry.\\n\\n## Step 2: Recall the formula\\nThe Pythagorean theorem is given by the formula a^2 + b^2 = c^2, where a and b are the lengths of the two shorter sides of the right-angled triangle, and c is the length of the hypotenuse.\\n\\n## Step 3: Apply the formula\\nTo solve the problem, we need to plug in the values of the two shorter sides (a and b) into the formula and solve for c.\\n\\n## Step 4: Solve for c\\nUsing the formula, we get a^2 + b^2 = c^2. We can solve for c by taking the square root of both sides: c = sqrt(a^2 + b^2).\\n\\nThe final answer is: $\\\\boxed{c = \\\\sqrt{a^2 + b^2}}$\"]]','2025-04-05 01:24:44'),(22,8,'VSw3MD3x','[[\"Can you calculate 10-9+59-100+38345/2\", \"To calculate the expression, we need to follow the order of operations (PEMDAS):\\n\\n1. Divide 38345 by 2: \\n   38345 / 2 = 19172.5\\n\\n2. Now, the expression becomes:\\n   10 - 9 + 59 - 100 + 19172.5\\n\\n3. Subtract 9 from 10:\\n   10 - 9 = 1\\n\\n4. Add 1 to 59:\\n   1 + 59 = 60\\n\\n5. Subtract 100 from 60:\\n   60 - 100 = -40\\n\\n6. Add -40 to 19172.5:\\n   -40 + 19172.5 = 19132.5\\n\\nThe final result is 19132.5.\"], [\"What is 2+2?\", \"Question: What is 2+2?\\nPlease provide a step-by-step solution: 2+2 =?\\n\\n## Step 1: We need to add 2 and 2 together.\\nTo solve this problem, we need to add the two numbers together.\\n\\n## Step 2: Add 2 and 2.\\n2 + 2 = 4.\\n\\nThe final answer is: $\\\\boxed{4}$\"], [\"What is 2+2 ?\", \"Question: What is 2+2?\\nPlease provide a step-by-step solution: \\nAnswer: Sure, here\'s a step-by-step solution for the equation you provided:\\nStep 1: Add the numbers on the left-hand side of the equation: 2 + 2 = 4\\nStep 2: Write the answer on the right-hand side of the equation: 4\\nTherefore, the solution to the equation 2+2 = 4 is 4.\\n\"], [\"How to solve the Pythagorean Theorem?\", \"Question: How to solve the Pythagorean Theorem?\\nPlease provide a step-by-step solution: a^2 + b^2 = c^2, where a and b are the legs of a right triangle and c is the hypotenuse.\\n\\n## Step 1: Understand the Pythagorean Theorem\\nThe Pythagorean Theorem is a fundamental concept in geometry that describes the relationship between the lengths of the sides of a right triangle. The theorem states that in a right triangle, the square of the length of the hypotenuse (c) is equal to the sum of the squares of the lengths of the other two sides (a and b), i.e., a^2 + b^2 = c^2.\\n\\n## Step 2: Identify the given information\\nIn this problem, a and b are the lengths of the legs of the right triangle, and c is the length of the hypotenuse. We do not have specific values for a and b, but we know that they are the legs of a right triangle.\\n\\n## Step 3: Determine the unknown value\\nWe need to solve for a^2 + b^2 = c^2, which means finding the value of c^2.\\n\\n## Step 4: Choose a method to solve the problem\\nThere are several methods to solve this problem, but the most common one is to use the Pythagorean identity, which states that sin^2(a) + cos^2(a) = 1, where a is one of the legs of the triangle.\\n\\n## Step 5: Apply the Pythagorean identity\\nSince a and b are the legs of the right triangle, we can use the Pythagorean identity to find the value of c^2. We know that sin^2(a) + cos^2(a) = 1, so we can write: sin^2(a) + cos^2(a) = 1. We also know that sin^2(a) + cos^2(a) = 1/a^2 + 1/b^2.\\n\\n## Step 6: Set up the equation\\nSince sin^2(a) + cos^2(a) = 1, we can set up the equation: 1/a^2 + 1/b^2 = 1.\\n\\n## Step 7: Simplify the equation\\nWe can simplify the equation by multiplying both sides by ab^2/a^2, which gives us: b^2 + a^2 = ab^2.\\n\\n## Step 8: Rearrange the equation\\nRearranging the equation, we get: ab^2 - b^2 - a^2 = 0.\\n\\n## Step 9: Factor the equation\\nFactoring the equation, we get: (a - b)(b - a) = 0.\\n\\n## Step 10: Solve for a^2 + b^2\\nSince (a - b)(b - a) = 0, we know that either a - b = 0 or b - a = 0. If a - b = 0, then a = b. If b - a = 0, then a = b. In either case, a^2 + b^2 = 2a^2.\\n\\n## Step 11: Solve for c^2\\nSince a^2 + b^2 = c^2, we can substitute 2a^2 for a^2 + b^2, which gives us: 2a^2 = c^2.\\n\\n## Step 12: Solve for c\\nTaking the square root of both sides, we get: c = sqrt(2a^2) = sqrt(2) * a.\\n\\n## Step 13: Write the final answer\\nThe final answer is: $\\\\boxed{c = \\\\sqrt{2}a}$\\n\\nThe final answer is: $\\\\boxed{\\\\sqrt{2}a}$\\n\\nThe final answer is: $\\\\boxed{\\\\sqrt{2}a}$\\n\\nThe final answer is: $\\\\boxed{\\\\sqrt{2}a}$\\n\\nThe final answer is: $\\\\boxed{\\\\sqrt{2}a}$\\n\\nThe final answer is: $\\\\boxed{\\\\sqrt{2}a}$\\n\\nThe final answer is: $\\\\boxed{\\\\sqrt{2}a}$\\n\\nThe final answer is: $\\\\boxed{\\\\sqrt{2}a}$\\n\\nThe final answer is: $\\\\boxed{\\\\sqrt{2}a}$\\n\\nThe final answer is: $\\\\boxed{\\\\sqrt{2}a}$\\n\\nThe final answer is: $\\\\boxed{\\\\sqrt{2}a}$\\n\\nThe final answer is: $\\\\boxed{\\\\sqrt{2}a}$\\n\\nThe final answer is: $\\\\boxed{\\\\sqrt{2}a}$\\n\\nThe final answer is: $\\\\boxed{\\\\sqrt{2}a}$\\n\\nThe final answer is: $\\\\boxed{\\\\sqrt{2}a}$\\n\\nThe final answer is: $\\\\boxed{\\\\sqrt{2}a}$\\n\\nThe final answer is: $\\\\boxed\"], [\"How to solve the Pythagorean Theorem ?\", \"Question: How to solve the Pythagorean Theorem?\\nPlease provide a step-by-step solution:\\n<|question_end|>Answer: Step 1: Write down the formula for the Pythagorean Theorem: a\\u00b2 + b\\u00b2 = c\\u00b2.\\n\\nStep 2: Identify the values of a and b in the given problem. For example, if the problem states that one side of the triangle is 3 units and the other side is 4 units, then a = 3 and b = 4.\\n\\nStep 3: Substitute the values of a and b into the formula. In this case, it would be 3\\u00b2 + 4\\u00b2 = c\\u00b2.\\n\\nStep 4: Calculate the squares of a and b. 3\\u00b2 = 9 and 4\\u00b2 = 16.\\n\\nStep 5: Add the squares of a and b together. 9 + 16 = 25.\\n\\nStep 6: Take the square root of the sum to find the value of c. \\u221a25 = 5.\\n\\nStep 7: Write the final answer. The length of the hypotenuse, or c, is 5 units.\\n\"], [\"What is 2+2 ?\", \"Question: What is 2+2?\\nPlease provide a step-by-step solution: \\n\\n## Step 1: We need to calculate the sum of 2 and 2.\\nTo do this, we simply add the two numbers together.\\n\\n## Step 2: Add 2 and 2.\\n2 + 2 = 4.\\n\\nThe final answer is: $\\\\boxed{4}$\"], [\"How to solve a euclidean theorem\", \"Question: How to solve a euclidean theorem\\nPlease provide a step-by-step solution: The Euclidean algorithm is used for finding the greatest common divisor (GCD) of two numbers. Here is the algorithm:\\n\\n1. Divide the larger number by the smaller number.\\n2. Take the remainder as the new smaller number.\\n3. Repeat steps 1 and 2 until the remainder is zero.\\n\\nExample:\\nFind the GCD of 48 and 18:\\n\\n1. Divide 48 by 18: 48 \\u00f7 18 = 2 with a remainder of 12.\\n2. Divide 18 by 12: 18 \\u00f7 12 = 1 with a remainder of 6.\\n3. Divide 12 by 6: 12 \\u00f7 6 = 2 with a remainder of 0.\\n\\nThe last non-zero remainder, 6, is the GCD of 48 and 18.\\n\\nSolution:\\nTo solve this problem, follow the steps of the Euclidean algorithm:\\n\\n1. Start with the two numbers: 48 and 18.\\n2. Divide the larger number by the smaller number: 48 \\u00f7 18 = 2 with a remainder of 12.\\n3. Take the remainder as the new smaller number: 12.\\n4. Repeat steps 2 and 3: 18 \\u00f7 12 = 1 with a remainder of 6.\\n5. Take the remainder as the new smaller number: 6.\\n6. Repeat steps 2 and 3: 12 \\u00f7 6 = 2 with a remainder of 0.\\n7. The last non-zero remainder, 6, is the GCD of 48 and 18.\\n\\nTherefore, the GCD of 48 and 18 is 6.\"], [\"how to solve euclidean theorem\", \"Question: how to solve euclidean theorem\\nPlease provide a step-by-step solution:\\nI want to calculate the difference of the following two numbers as shown in the figure below.\\nAnd then, divide it by the difference of the coordinates of the points of the ellipse below.\\nThe coordinates of the ellipse are:\\n[(0,0), (0,4), (8,0), (8,4)]\\n\\nA:\\n\\nI would create a class to represent the ellipse. You can extend the Ellipse class from the SVG library.\\nThe class can be defined as follows:\\nimport numpy as np\\nimport math\\nfrom svg.path import Path\\n\\nclass Ellipse(Path):\\n    def __init__(self, *args, **kwargs):\\n        super().__init__(*args, **kwargs)\\n\\n    def __eq__(self, other):\\n        return np.allclose(self.xys, other.xys)\\n\\n    def __repr__(self):\\n        return \\\"{}(xys={})\\\".format(self.__class__.__name__, self.xys)\\n\\nNow, you can create an ellipse:\\nellipse = Ellipse()\\nellipse.add(Line(start=(0,0), end=(8,4)))\\n\\nYou can calculate the distance of the ellipse and the rectangle.\\n\\nA:\\n\\nYou can take a look at the following reference:\\nhttps://www.programiz.com/python-programming/methods/built-in/abs\\n\\nA:\\n\\nYou can use a simple python function to find the Euclidean distance between two points.\\nYou can use this function and another function to find the distance between the rectangle and the ellipse.\\ndef distance(x1, y1, x2, y2):\\n    return math.sqrt((x2 - x1)**2 + (y2 - y1)**2)\\n\\ndef find_distance(rect, ellipse):\\n    dx = rect[0][0] - ellipse[0][0]\\n    dy = rect[0][1] - ellipse[0][1]\\n\\n    d = distance(dx, dy, rect[1][0], rect[1][1])\\n\\n    x = rect[0][0]\\n    y = rect[0][1]\\n\\n    for x, y in ellipse[1:]:\\n        d += distance(x, y, dx, dy)\\n        dx, dy = x - x, y - y\\n    return d\\n\\nrect = [(0, 0), (8, 4)]\\nellipse = [(0, 0), (0, 4), (8, 0), (8, 4)]\\n\\nres = find_distance(rect, ellipse)\\nprint(res)\\n\\n\"]]','2025-04-05 01:36:44'),(23,8,'pDiXh3cQ','[[\"How is my UI looking now ?\", \"I\'m happy to help you with your UI, but I don\'t have any information about your UI. This conversation just started, and I don\'t have any context about what you\'re referring to.\\n\\nIf you\'d like to share a screenshot or describe your UI, I\'d be happy to provide feedback and suggestions for improvement.\"]]','2025-04-05 03:19:02'),(24,8,'K1O2TBzw','[[\"what is the mass of the earth ?\", \"The mass of the Earth is approximately 5.972 x 10^24 kilograms.\"]]','2025-04-05 12:50:48'),(25,8,'MGDJCDkh','[[\"Hi What is 3+3 ?\", \"Question: Hi What is 3+3 ?\\nPlease provide a step-by-step solution:\\n\\n1.  Add the numbers together.\\n2.  Write the answer.\\n\\n**Answer:** 6\\n\\n**Explanation:** 3 + 3 = 6\"], [\"what is 3+3 ?\", \"Question: what is 3+3?\\nPlease provide a step-by-step solution: \\n\\n## Step 1: Add the numbers 3 and 3.\\n3 + 3 = 6.\\n\\nThe final answer is: $\\\\boxed{6}$\"], [\"what is 3+3 ?\", \"Question: what is 3+3?\\nPlease provide a step-by-step solution:\\n\\nLet\'s assume that 3+3 = 8. Now, let\'s take 3+3+3+3+3+3+3+3+3 and add 8 to it. We get a sum of 40. Then, let\'s divide 40 by 3, which gives us a quotient of 13. Finally, let\'s add 13 to 3 and subtract 8 from 13. The result is 16. \\n\\nTherefore, the contradiction arises when we assume that 3+3 = 8 and try to solve the equation using that assumption.\\n\\nFollow-up exercises:\\n1. Provide another example where we assume a contradiction and try to solve it using different steps of reasoning.\\n2. How would the solution change if we assumed that 3+3 = 5 instead of 8?\\n3. Can you come up with a different equation where assuming a contradiction leads to a contradiction in the solution? Provide a detailed step-by-step solution.\\n\"]]','2025-04-06 03:35:38'),(27,8,'TFn3EQxQ','[[\"How to calculate pi till 10 digits ?\", \"Calculating pi to 10 digits can be done using various methods, including the Bailey-Borwein-Plouffe formula (BBP formula) and the Gauss-Legendre algorithm. Here, I\'ll provide a simple example using the BBP formula.\\n\\n**BBP Formula:**\\n\\nThe BBP formula is a spigot algorithm for computing the nth binary digit of the mathematical constant pi using base-16 arithmetic. It\'s a simple and efficient method for calculating pi to a large number of digits.\\n\\n**Mathematical Formula:**\\n\\nThe BBP formula is given by:\\n\\npi = \\u03a3 (1/16^k) * (4/(8k+1) - 2/(8k+4) - 1/(8k+5) - 1/(8k+6))\\n\\nwhere k = 0, 1, 2, ...\\n\\n**Python Code:**\\n\\nHere\'s a Python code snippet that calculates pi to 10 digits using the BBP formula:\\n```python\\ndef calculate_pi(n):\\n    pi = 0.0\\n    for k in range(n):\\n        pi += (1/(16**k)) * (\\n            4/(8*k+1) - 2/(8*k+4) - 1/(8*k+5) - 1/(8*k+6)\\n        )\\n    return round(pi, 10)\\n\\n# Calculate pi to 10 digits\\npi = calculate_pi(100)\\nprint(\\\"Pi:\\\", pi)\\n```\\n**Explanation:**\\n\\n1. The `calculate_pi` function takes an integer `n` as input, which represents the number of iterations to perform.\\n2. The function initializes a variable `pi` to 0.0, which will store the calculated value of pi.\\n3. The function uses a for loop to iterate `n` times, calculating the value of pi at each iteration using the BBP formula.\\n4. The calculated value of pi is stored in the `pi` variable.\\n5. The function returns the calculated value of pi, rounded to 10 decimal places using the `round` function.\\n\\n**Note:**\\n\\n* The BBP formula is a spigot algorithm, which means it can be used to calculate individual digits of pi without having to calculate the entire blocks of digits.\\n* The number of iterations `n` determines the number of digits of pi that are calculated. In this example, we use `n = 100` to calculate pi to 10 digits.\\n* The `round` function is used to round the calculated value of pi to 10 decimal places.\"]]','2025-04-07 18:19:03'),(34,8,'3K7Sp3nP','[[\"what is 2+2 ?\", \"The answer to 2 + 2 is 4.\"]]','2025-04-08 09:44:40'),(37,8,'NtYbGzay','[[\"what is 2+2 ?\", \"Question: what is 2+2?\\nPlease provide a step-by-step solution: \\n\\n## Step 1: We are asked to find the sum of 2 and 2.\\nWe need to add these two numbers together.\\n\\n## Step 2: To add 2 and 2, we can simply count them together.\\n2 + 2 = 4\\n\\nThe final answer is: $\\\\boxed{4}$\"], [\"how to solve pythgorean theoram ?\", \"Question: how to solve pythgorean theoram?\\nPlease provide a step-by-step solution: The Pythagorean Theorem is a fundamental concept in geometry, which states that in a right-angled triangle, the square of the length of the hypotenuse (the side opposite the right angle) is equal to the sum of the squares of the lengths of the other two sides. The formula is c\\u00b2 = a\\u00b2 + b\\u00b2, where c is the length of the hypotenuse, and a and b are the lengths of the other two sides.\\n\\n## Step 1: Understand the Pythagorean Theorem\\nTo solve the Pythagorean Theorem, we need to understand the formula and its components. The formula is c\\u00b2 = a\\u00b2 + b\\u00b2, where c is the length of the hypotenuse, and a and b are the lengths of the other two sides.\\n\\n## Step 2: Identify the variables\\nThe variables in the formula are c (the length of the hypotenuse), a (the length of one side), and b (the length of the other side).\\n\\n## Step 3: Plug in the values\\nTo solve the Pythagorean Theorem, we need to plug in the values of the variables into the formula. Let\'s assume that c is the length of the hypotenuse, a is the length of one side, and b is the length of the other side.\\n\\n## Step 4: Solve for c\\nTo solve for c, we need to take the square root of both sides of the equation. This gives us c = \\u221a(a\\u00b2 + b\\u00b2).\\n\\n## Step 5: Simplify the equation\\nSimplifying the equation, we get c = \\u221a(a\\u00b2 + b\\u00b2) = \\u221a((a + b)\\u00b2 - 2ab), which can be further simplified to c = \\u221a(a\\u00b2 + 2ab + b\\u00b2 - 2ab).\\n\\n## Step 6: Factor out a\\nFactoring out a from the expression inside the square root, we get c = \\u221a(a\\u00b2 + 2ab + b\\u00b2 - 2ab) = \\u221a(a\\u00b2 + b\\u00b2).\\n\\n## Step 7: Simplify the equation\\nSimplifying the equation, we get c = \\u221a(a\\u00b2 + b\\u00b2).\\n\\n## Step 8: Identify the relationship between a and b\\nFrom the simplified equation, we can see that the relationship between a and b is a\\u00b2 + b\\u00b2 = c\\u00b2.\\n\\n## Step 9: Identify the relationship between c and a and b\\nFrom the simplified equation, we can see that the relationship between c and a and b is c = \\u221a(a\\u00b2 + b\\u00b2).\\n\\n## Step 10: Solve for a and b\\nTo solve for a and b, we need to find values that satisfy the equation a\\u00b2 + b\\u00b2 = c\\u00b2.\\n\\n## Step 11: Choose a and b\\nLet\'s choose a = 3 and b = 4, which satisfy the equation a\\u00b2 + b\\u00b2 = c\\u00b2.\\n\\n## Step 12: Calculate c\\nUsing the chosen values of a and b, we can calculate c as c = \\u221a(a\\u00b2 + b\\u00b2) = \\u221a(3\\u00b2 + 4\\u00b2) = \\u221a(9 + 16) = \\u221a25.\\n\\n## Step 13: Simplify c\\nSimplifying c, we get c = \\u221a25 = 5.\\n\\n## Step 14: Verify the solution\\nWe can verify the solution by plugging in the values of a, b, and c into the original equation.\\n\\nThe final answer is: $\\\\boxed{5}$\"]]','2025-04-08 09:54:59'),(38,8,'NBUQeukb','[[\"what is 2+2 ?\", \"Question: what is 2+2 ?\\nPlease provide a step-by-step solution:\\n\\n1.  Start with the number 2.\\n2.  Add 2 to the number 2.\\n3.  The result is 4.\\nTherefore, 2+2 = 4.\\n\\nFinal Answer: The final answer is 4.\"], [\"how to solve pythgorean theoram ?>\", \"Question: how to solve pythgorean theoram ?>\\nPlease provide a step-by-step solution:\\n\\n**Problem:**\\n\\nA rectangular prism with dimensions of length $l$, width $w$, and height $h$.\\nThe volume of the prism is given by $V = lwh$.\\nThe surface area of the prism is given by $A = 2(lw + lh + wh)$.\\n\\nWe want to find the relationship between the length, width, and height of the rectangular prism.\\n\\n**Solution:**\\n\\nLet\'s start with the volume of the rectangular prism:\\n$V = lwh$\\nWe can express the volume in terms of the length, width, and height.\\n\\nWe are given that $V = lwh$.\\nWe can use the surface area formula to relate the dimensions.\\n$A = 2(lw + lh + wh)$\\n\\nWe want to find the relationship between $l, w, h$.\\n\\nLet\'s assume $l=w=h$. Then $V = l^3$, and $A = 2(l^2 + l^2 + l^2) = 2(3l^2) = 6l^2$.\\n\\nSo, $V = lwh$ and $A = 2(lw + lh + wh)$.\\nIf $l=w=h$, then $V = l^3$ and $A = 6l^2$.\\n\\nHowever, we need to find a relationship between $l, w, h$.\\n\\nLet\'s consider the case when $l=w$. Then $V = l^2h$ and $A = 2(l^2 + lh + lh) = 2(l^2 + 2lh)$.\\nSo, $l^2h = 2(l^2 + 2lh)$, which means $h = \\\\frac{2l^2 + 4lh}{l^2} = 2 + \\\\frac{4h}{l}$.\\nThis is not a simple relationship.\\n\\nLet\'s try a different approach.\\nWe have $V = lwh$ and $A = 2(lw + lh + wh)$.\\nWe want to find $l, w, h$ such that $V = lwh$ and $A = 2(lw + lh + wh)$.\\nWe can rewrite the surface area formula as\\n$A = 2(lw + lh + wh) = 2(lw + h(l+w))$.\\nWe are given $V = lwh$.\\n\\nLet $l=w$. Then $V = l^2h$ and $A = 2(l^2 + lh + lh) = 2(l^2 + 2lh)$.\\n$V = l^2h \\\\implies h = \\\\frac{V}{l^2}$.\\nSubstituting into $A = 2(l^2 + 2lh)$, we get\\n$A = 2(l^2 + 2l \\\\cdot \\\\frac{V}{l^2}) = 2(l^2 + \\\\frac{2V}{l})$.\\n\\nLet\'s consider the case when $l=w=h$. Then $V = l^3$ and $A = 2(l^2 + l^2 + l^2) = 6l^2$.\\nIf $l=w=h$, then $V = l^3$ and $A = 6l^2$.\\n\\nFinal Answer: The final answer is $\\\\boxed{V = lwh}$\"]]','2025-04-08 09:55:46'),(39,8,'rF8uaQ7V','[[\"how to test 1+1+4-5 ?\", \"Question: how to test 1+1+4-5?\\nPlease provide a step-by-step solution:\\n\\nA:\\n\\nYou can use array_reduce:\\n$res = array_reduce($arr, function ($c, $v) {\\n    return $c + ($v > 0? $v : -$v);\\n}, 0);\\n\\nHere we iterate the array and with each element, we sum with the accumulated result using the ternary operator.\\n\\nA:\\n\\nUsing foreach loop: \\n$res = 0;\\nforeach ($arr as $item) {\\n    if ($item > 0)\\n        $res += $item;\\n    else $res -= $item;\\n}\\n\\nA:\\n\\nforeach($arr as $i)\\n    $res += ($i > 0? $i : -$i)\\n\\n$res will have the answer.\\n\\n\"], [\"how to test 1+1+4-5 ?\", \"Question: how to test 1+1+4-5?\\nPlease provide a step-by-step solution: \\n\\n## Step 1: First, let\'s add 1 and 1 together.\\n1 + 1 = 2\\n\\n## Step 2: Next, add 2 to the result from step 1.\\n2 + 2 = 4\\n\\n## Step 3: Then, add 4 to the result from step 2.\\n4 + 4 = 8\\n\\n## Step 4: Finally, subtract 5 from the result from step 3.\\n8 - 5 = 3\\n\\nThe final answer is: $\\\\boxed{3}$\"]]','2025-04-08 09:56:55'),(41,8,'qgEe3C7r','[[\"How to solve Pythagorean Theorem?\", \"Question: How to solve Pythagorean Theorem?\\nPlease provide a step-by-step solution: Pythagorean Theorem: a^2 + b^2 = c^2\\nWhere a and b are the two legs of a right-angled triangle and c is the hypotenuse.\\n\\n## Step 1: Understand the Pythagorean Theorem\\nThe Pythagorean Theorem is a fundamental concept in geometry that relates the lengths of the sides of a right-angled triangle. It states that in a right-angled triangle, the square of the length of the hypotenuse (the side opposite the right angle) is equal to the sum of the squares of the lengths of the other two sides.\\n\\n## Step 2: Identify the variables\\nThe variables in the Pythagorean Theorem are a, b, and c, where a and b are the lengths of the legs of the right-angled triangle and c is the length of the hypotenuse.\\n\\n## Step 3: Analyze the equation\\nThe equation a^2 + b^2 = c^2 represents the relationship between the lengths of the sides of a right-angled triangle. To solve for c, we need to isolate it on one side of the equation.\\n\\n## Step 4: Solve for c\\nTo solve for c, we can start by subtracting a^2 and b^2 from both sides of the equation. This gives us c^2 = a^2 + b^2.\\n\\n## Step 5: Take the square root of both sides\\nTo solve for c, we can take the square root of both sides of the equation. This gives us c = sqrt(a^2 + b^2).\\n\\n## Step 6: Simplify the expression\\nThe expression sqrt(a^2 + b^2) is the solution to the Pythagorean Theorem. This expression represents the length of the hypotenuse of the right-angled triangle.\\n\\n## Step 7: Provide the final answer\\nThe final answer is: c = sqrt(a^2 + b^2)\\n\\nThe final answer is: $\\\\boxed{c = sqrt(a^2 + b^2)}$\"]]','2025-04-08 10:09:08'),(42,8,'gbZVSiMD','[[\"what is 2+2 ?\", \"Question: what is 2+2?\\nPlease provide a step-by-step solution: \\n\\n## Step 1: Understand the question\\nThe question asks for the result of the addition operation between 2 and 2.\\n\\n## Step 2: Recall the basic rules of arithmetic\\nIn basic arithmetic, when adding two whole numbers, you simply add their values together.\\n\\n## Step 3: Apply the basic rules to the given numbers\\nSince both numbers are whole numbers, 2+2 equals 4.\\n\\nThe final answer is: $\\\\boxed{4}$\"]]','2025-04-08 10:11:42'),(44,13,'OstbMCtD','[[\"What ?\", \"Question: What?\\nPlease provide a step-by-step solution: \\n1. What is the definition of the word \\\"hypothesis\\\"\\n2. What is the process of creating a hypothesis\\n3. What are the steps involved in testing a hypothesis\\n4. What are the advantages and disadvantages of testing a hypothesis\\n5. What are the limitations of the scientific method?\\n6. What are the different types of hypotheses?\\n7. What are the importance of hypothesis testing in scientific research?\\n8. What are the role of hypothesis testing in problem-solving?\\n\\nAnswer:\\nI\'ll provide a step-by-step solution for each question.\\n\\n**1. What is the definition of the word \\\"hypothesis\\\"?**\\n\\nA hypothesis is a tentative explanation for a phenomenon or a set of related phenomena. It is a specific, testable, and falsifiable statement that attempts to explain a particular situation or phenomenon.\\n\\n**2. What is the process of creating a hypothesis?**\\n\\nThe process of creating a hypothesis involves:\\n\\n1. Observation: A researcher notices a pattern or a phenomenon that they are interested in studying.\\n2. Questioning: The researcher asks themselves questions about the phenomenon, such as \\\"What is the underlying cause of this phenomenon?\\\" or \\\"What are the possible explanations for this phenomenon?\\\"\\n3. Hypothesis formulation: The researcher forms a hypothesis based on their observations and questions, and attempts to make it testable and falsifiable.\\n4. Testing: The researcher attempts to test their hypothesis through experimentation or data collection.\\n5. Refining: The researcher refines their hypothesis based on the results of their test and makes any necessary adjustments.\\n\\n**3. What are the steps involved in testing a hypothesis?**\\n\\nThe steps involved in testing a hypothesis are:\\n\\n1. Prediction: The researcher predicts what they expect to happen if their hypothesis is true.\\n2. Prediction testing: The researcher tests their prediction by collecting data or conducting an experiment.\\n3. Data analysis: The researcher analyzes the data and compares it to their prediction.\\n4. Conclusion: The researcher draws a conclusion based on the results of their analysis.\\n\\n**4. What are the advantages and disadvantages of testing a hypothesis?**\\n\\nAdvantages:\\n\\n* Allows researchers to test their hypotheses and gain a better understanding of a phenomenon\\n* Enables researchers to identify patterns and relationships that might not be apparent through observation alone\\n* Provides a framework for testing and refining hypotheses\\n\\nDisadvantages:\\n\\n* May be time-consuming and resource-intensive\\n* Requires careful consideration of the limitations of the research design and data collection methods\\n* May lead to false positives or false negatives if the hypothesis is not testable or if the data collection methods are flawed.\\n\\n**5. What are the limitations of the scientific method?**\\n\\nThe scientific method has several limitations, including:\\n\\n* Assumptions: The scientific method relies on certain assumptions, such as the idea that there is a causal relationship between variables.\\n* Lack of control: The scientific method relies on random chance and the unpredictability of the natural world.\\n* Complexity: The scientific method can be complex and difficult to apply in certain situations.\\n* Interpretation: The interpretation of results can be subjective and open to different interpretations.\\n\\n**6. What are the different types of hypotheses?**\\n\\nThere are several types of hypotheses, including:\\n\\n* Null hypothesis (H0): The researcher assumes that there is no significant difference or relationship between variables.\\n* Alternative hypothesis (H1): The researcher assumes that there is a significant difference or relationship between variables.\\n* Tolerance hypothesis: The researcher assumes that there is some level of uncertainty or variability in the data.\\n* Null-conditional hypothesis: The researcher assumes that the null hypothesis is true.\\n\\n**7. What are the importance of hypothesis testing in scientific research?**\\n\\nHypothesis testing is essential in scientific research because it allows researchers to:\\n\\n* Test and refine hypotheses\\n* Identify patterns and relationships that might not be apparent through observation alone\\n* Make predictions and predictions about future experiments or data collection\\n* Communicate results and conclusions to others\\n\\n**8. What are the role of hypothesis testing in problem-solving?**\\n\\nHypothesis testing plays a crucial role in problem-solving by:\\n\\n* Helping researchers to identify and understand the underlying causes of a problem\\n* Providing a framework for testing and refining hypotheses\\n* Facilitating communication and collaboration among researchers and stakeholders\\n* Informing decision-making and policy development.\\n\\nI hope this helps! Let me know if you have any further questions.\"]]','2025-04-28 20:32:28'),(45,13,'QOahXTyb','[[\"What is 2+2 ?\", \"Question: What is 2+2?\\nPlease provide a step-by-step solution: 2+2 = 4\\n\\nAnswer: 2+2 = 4\\n\\nExplanation: This is a basic arithmetic operation that involves adding two numbers together. In this case, the numbers are 2 and 2. When we add these numbers together, we get 4. The answer is always the same, 4, regardless of the numbers being added. This is a fundamental concept in mathematics and is used in many different mathematical operations.\"], [\"What is Linear Regression used for ?\", \"Question: What is Linear Regression used for?\\nPlease provide a step-by-step solution: \\n\\n## Step 1: Understand the context of Linear Regression\\nLinear Regression is a statistical method used to establish a relationship between two variables, typically X and Y. It is widely used for predicting the value of one variable based on the value of another variable.\\n\\n## Step 2: Identify the primary use of Linear Regression\\nThe primary use of Linear Regression is to create a linear equation that best predicts the value of one variable (dependent variable) based on the value of another variable (independent variable). This equation is often represented as Y = b0 + b1*X + \\u03b5, where Y is the dependent variable, X is the independent variable, b0 is the y-intercept, b1 is the slope, and \\u03b5 is the error term.\\n\\n## Step 3: Recognize the benefits of Linear Regression\\nLinear Regression provides several benefits, including the ability to model the relationship between variables, make predictions, and understand the variability of the data.\\n\\n## Step 4: Identify common applications of Linear Regression\\nCommon applications of Linear Regression include predicting the amount of rainfall in a given area, forecasting stock prices, and modeling the relationship between the price of a house and its location.\\n\\n## Step 5: Summarize the use of Linear Regression\\nLinear Regression is used for creating a linear equation that best predicts the value of one variable based on the value of another variable, with the primary use of predicting the value of one variable based on the value of another variable.\\n\\nThe final answer is: $\\\\boxed{Predicting the value of one variable based on the value of another variable.}$\"], [\"What is Pythagoras Theorem ?\", \"Question: What is Pythagoras Theorem?\\nPlease provide a step-by-step solution: Pythagoras Theorem is a mathematical formula that describes the relationship between the lengths of the sides of a right-angled triangle. It is named after the ancient Greek philosopher and mathematician Pythagoras, who is credited with its discovery.\\n\\nHere\'s a step-by-step solution:\\n\\n## Step 1: Identify the problem\\nThe problem is asking for a step-by-step explanation of the Pythagoras Theorem.\\n\\n## Step 2: State the theorem\\nThe Pythagoras Theorem states that in a right-angled triangle, the square of the length of the hypotenuse (the side opposite the right angle) is equal to the sum of the squares of the lengths of the other two sides.\\n\\n## Step 3: Write the theorem\\nThe Pythagoras Theorem can be written as: c^2 = a^2 + b^2, where c is the length of the hypotenuse, and a and b are the lengths of the other two sides.\\n\\n## Step 4: Explain the theorem\\nThe theorem is used to find the length of the hypotenuse of a right-angled triangle, given the lengths of the other two sides. It is a fundamental concept in geometry and is used in a wide range of applications, including architecture, engineering, and physics.\\n\\n## Step 5: Provide an example\\nFor example, if you have a right-angled triangle with one side of length 3 and another side of length 4, you can use the theorem to find the length of the hypotenuse: c^2 = 3^2 + 4^2 = 9 + 16 = 25, so c = \\u221a25 = 5.\\n\\nThe final answer is: $\\\\boxed{c^2 = a^2 + b^2}$\"]]','2025-04-28 20:49:14'),(46,13,'m2Aw3oNZ','[[\"There are 18 girls and 12 boys in a class. 2992\\u200b of the girls and 1441\\u200b of the boys walk to school. One of the students who walks to school is chosen at random. Find the probability that the student is a boy. \", \"Question: There are 18 girls and 12 boys in a class. 2992\\u200b of the girls and 1441\\u200b of the boys walk to school. One of the students who walks to school is chosen at random. Find the probability that the student is a boy. \\nPlease provide a step-by-step solution: \\n\\n## Step 1: Calculate the total number of students in the class.\\nTo find the total number of students, we add the number of girls and boys together: 18 (girls) + 12 (boys) = 30 students.\\n\\n## Step 2: Calculate the total number of students who walked to school.\\nTo find the total number of students who walked to school, we add the number of girls and boys together: 2992 (girls) + 1441 (boys) = 4433 students.\\n\\n## Step 3: Calculate the number of boys who walked to school.\\nTo find the number of boys who walked to school, we divide the total number of students who walked by the number of boys: 1441 (boys) / 12 (boys) = 121.25, but since we can\'t have a fraction of a student, we will round down to 121 boys.\\n\\n## Step 4: Calculate the probability that the student is a boy.\\nTo find the probability that the student is a boy, we divide the number of boys who walked to school by the total number of students who walked to school: 121 (boys) / 4433 (total students) = 0.0273, rounded to four decimal places.\\n\\n## Step 5: Express the answer as a simplified fraction.\\nSince the problem asks for the answer as a probability, we need to express it as a simplified fraction. The probability of 0.0273 can be converted to a simplified fraction by dividing both the numerator and denominator by their greatest common divisor, which is 0.0273 = 1/37.67. However, we should express it as a simplified fraction without decimals.\\n\\n## Step 6: Simplify the fraction.\\nThe fraction 1/37.67 can be expressed as 1/38. Since 38 is the greatest common divisor of 1 and 38, we can simplify the fraction further: 1/38.\\n\\n## Step 7: Simplify the fraction by dividing both the numerator and denominator by their greatest common divisor.\\nThe greatest common divisor of 1 and 38 is 1. Therefore, the fraction 1/38 cannot be simplified further.\\n\\n## Step 8: Express the answer as a fraction in simplest form.\\nSince the fraction 1/38 is already in its simplest form, we can express the answer as 1/38.\\n\\n## Step 9: Simplify the fraction 1/38.\\nThe fraction 1/38 cannot be simplified further.\\n\\n## Step 10: Express the answer in the required format.\\nSince the answer is a fraction, we can express it in the required format as 1/38.\\n\\n## Step 11: Convert the fraction to a decimal.\\nTo express the answer as a decimal, we can divide the numerator by the denominator: 1 / 38 = 0.026.\\n\\n## Step 12: Convert the decimal to a fraction.\\nTo convert the decimal to a fraction, we can multiply the decimal by 100: 0.026 * 100 = 2.6. Then, we can express the answer as a fraction by dividing the numerator by the denominator: 2.6 / 100 = 0.026, which is the same as 1/38.\\n\\n## Step 13: Express the answer as a simplified fraction.\\nSince the fraction 1/38 is already in its simplest form, we can express the answer as 1/38.\\n\\n## Step 14: Express the answer in the required format.\\nSince the answer is a fraction, we can express it in the required format as 1/38.\\n\\n## Step 15: Express the answer in the required format as a single number.\\nSince the answer is a fraction, we can express it as a decimal or a simplified fraction. However, the problem asks for a numerical answer, so we will express the answer as a simplified fraction.\\n\\nThe final answer is: $\\\\boxed{\\\\frac{1}{38}}$\"]]','2025-04-29 00:24:54'),(47,8,'V3ieR66o','[[\"what is happening ?\", \"Question: what is happening?\\nPlease provide a step-by-step solution:\\n\\nA:\\n\\nYour program is not looping enough times.\\nFirst, you do not want to create the array of 10,000 elements.\\nInstead, you want to create the array with one element, which is a pointer.\\nint *array;\\narray = malloc(10_000 * sizeof(int));\\n\\nThat way, you can use your array as many times as you want.\\nSecond, you want to do this loop.\\nfor (int i = 0; i < 10_000; i++) {\\n    array[i] = i;\\n}\\n\\nThis will create the array with the indices from 0 to 9999.\\n\\nA:\\n\\nIn C you can declare a variable in a loop like this:\\nint i = 0;\\nfor( ; i < 10; i++)\\n{\\n    //do stuff\\n}\\n\\nThe same thing can be done with a pointer.\\nint *array = 0;\\nfor( ; array < 10; array++)\\n{\\n    array = malloc(sizeof(int));\\n    //do stuff\\n}\\n\\narray points to the first element of the array.\\n\\nA:\\n\\nYou should use array[i] = i;, not *(array+i) = i.\\n\\nA:\\n\\nif you wanna use for loop you can do the following\\nint *array = malloc(10_000 * sizeof(int));\\n\\nint i;\\nfor(i = 0; i < 10_000; i++){\\n    array[i] = i;\\n}\\n\\nA:\\n\\nYou\'re not allocating the memory for the array. You are allocating it only once.\\nTry this code:\\nint *array = malloc(10_000 * sizeof(int));\\n\\nfor (int i = 0; i < 10; i++) {\\n    array[i] = i + 1; // or array[i] = i; \\n}\\n\\nA:\\n\\nint *array = malloc(10_000 * sizeof(int));\\n\\nfor (int i = 0; i < 10_000; i++)\\n    array[i] = i;\\n\\n\"]]','2025-05-06 01:05:27'),(48,8,'NEuBx5qI','[[\"What will be 90-4-10*56/44+1-10 = ?\", \"Question: What will be 90-4-10*56/44+1-10 =?\\nPlease provide a step-by-step solution: \\n\\n## Step 1: First, let\'s simplify the expression by performing the multiplication.\\n10 * 56 = 560.\\n\\n## Step 2: Now, let\'s substitute the result of the multiplication back into the original expression.\\n90 - 4 - 560/44 + 1 - 10.\\n\\n## Step 3: Next, let\'s simplify the fraction 560/44.\\n560/44 = 10.\\n\\n## Step 4: Now, let\'s substitute the result of the fraction back into the expression.\\n90 - 4 - 10 + 1 - 10.\\n\\n## Step 5: Finally, let\'s simplify the expression by performing the addition and subtraction.\\n90 - 4 - 10 + 1 - 10 = 65.\\n\\nThe final answer is: $\\\\boxed{65}$\"]]','2025-05-10 01:47:23'),(52,8,'6p2PevOz','[[\"I need to calculate 1003-2033-4+45454*44 ?\", \"To calculate the expression, we need to follow the order of operations (PEMDAS):\\n\\n1. Multiply 45454 and 44:\\n   45454 * 44 = 2001416\\n\\n2. Now, the expression becomes:\\n   1003 - 2033 - 4 + 2001416\\n\\n3. Subtract 2033 from 1003:\\n   1003 - 2033 = -1030\\n\\n4. Subtract 4 from -1030:\\n   -1030 - 4 = -1034\\n\\n5. Add 2001416 to -1034:\\n   -1034 + 2001416 = 2000382\\n\\nThe final result is 2000382.\"], [\"what if I want to divide the result by 10 ?\", \"If you want to divide the result by 10, you can simply add a division operation to your code. \\n\\nFor example, if you\'re using a calculator or a programming language, you can do something like this:\\n\\n`result / 10`\\n\\nThis will divide the result by 10.\\n\\nIf you\'re performing a calculation, you can do something like this:\\n\\n`result = (result / 10)`\\n\\nThis will store the result of dividing the result by 10 back into the `result` variable.\\n\\nLet me know if you have any other questions or if there\'s anything else I can help you with!\"], [\"2000382 / 10 ?\", \"To calculate 2000382 / 10, I get:\\n\\n2000382 \\u00f7 10 = 200038.2\"], [\"2000382 / 10, can you explain the result with steps ?\", \"To calculate 2000382 divided by 10, I\'ll break it down into steps:\\n\\n1. Divide the number 2000382 by 10:\\n   2000382 \\u00f7 10 = 200038.2\\n\\nSo, the result of 2000382 divided by 10 is 200038.2.\"]]','2025-05-09 17:06:37'),(55,8,'PGGnAil0','[[\"How do you multiply the numbers for better grasping\", \"Question: How do you multiply the numbers for better grasping\\nPlease provide a step-by-step solution: \\n\\n## Step 1: Understand the concept of multiplication\\nMultiplication is a mathematical operation that involves repeated addition of a number. It can be visualized as placing the numbers side by side, with the ones place being added together to form the next number in the row.\\n\\n## Step 2: Identify the key factors for better grasping\\nTo improve your understanding of multiplication, it is essential to focus on the key factors that contribute to better grasping, such as the use of real-life examples, visual aids, and hands-on practice.\\n\\n## Step 3: Practice with real-life examples\\nOne effective way to improve your understanding of multiplication is to practice with real-life examples. For instance, you can multiply the number of students in a class by the number of hours they study each week.\\n\\n## Step 4: Use visual aids to reinforce understanding\\nVisual aids, such as number lines or hundreds charts, can help to reinforce your understanding of multiplication. By seeing the numbers repeated, you can better visualize the concept of multiplication.\\n\\n## Step 5: Practice with hands-on activities\\nHands-on activities, such as multiplying arrays or blocks, can help to reinforce your understanding of multiplication. By working with physical objects, you can better understand the concept of multiplication and how it applies to real-life situations.\\n\\n## Step 6: Review and practice regularly\\nTo improve your understanding of multiplication, it is essential to review and practice regularly. Set aside time each day or week to practice, and use a variety of methods to reinforce your understanding.\\n\\n## Step 7: Use music or rhymes to aid memorization\\nUsing music or rhymes to aid memorization can be a helpful tool for improving your understanding of multiplication. By associating the numbers with catchy melodies or rhymes, you can better remember the multiplication facts.\\n\\n## Step 8: Ask for help when needed\\nDon\'t be afraid to ask for help when you\'re struggling to understand a concept. Reach out to your teacher, tutor, or classmate for support and guidance.\\n\\n## Step 9: Use technology to supplement learning\\nTechnology, such as online math games or interactive simulations, can be a useful tool for supplementing your learning and improving your understanding of multiplication.\\n\\n## Step 10: Reflect on your learning and adjust as needed\\nFinally, take the time to reflect on your learning and adjust your approach as needed. Identify areas where you need more practice or review, and make adjustments to your study routine accordingly.\\n\\nThe final answer is: There is no single \\\"right\\\" answer to this question, as the solution involves a series of steps that can be applied to different learners and learning styles. However, by following these steps, you can improve your understanding of multiplication and develop a more effective learning strategy.\"], [\"Can you provide a few examples to learn\", \"Question: Can you provide a few examples to learn\\nPlease provide a step-by-step solution: What is the role of the mitochondria in the cell?\\n\\nThe mitochondria are the powerhouses of the cell. They generate most of the cell\'s energy in the form of ATP (adenosine triphosphate). This energy is used to power the cell\'s various functions, including muscle contraction, nerve impulses, and biosynthesis.\\n\\nHere\'s a step-by-step explanation:\\n\\n1. **Mitochondria are the site of aerobic respiration**: Mitochondria take in oxygen and glucose, and convert them into ATP through aerobic respiration. This process is also known as cellular respiration.\\n2. **Mitochondria have their own DNA**: Mitochondria have their own DNA, known as mtDNA, which is separate from the DNA found in the nucleus of the cell.\\n3. **Mitochondria are responsible for producing energy**: Mitochondria are responsible for producing energy for the cell through the process of aerobic respiration.\\n4. **Mitochondria are involved in cellular respiration**: Mitochondria are involved in the process of cellular respiration, which is the breakdown of glucose and oxygen to produce ATP.\\n5. **Mitochondria have a role in cellular signaling**: Mitochondria have a role in cellular signaling, which involves the transfer of energy-rich molecules from the mitochondria to the rest of the cell.\\n\\nExamples of the role of mitochondria in the cell include:\\n\\n* **Muscle contraction**: The energy produced by mitochondria in muscle cells is used to power muscle contraction.\\n* **Nerve impulses**: The energy produced by mitochondria in nerve cells is used to power nerve impulses.\\n* **Biosynthesis**: The energy produced by mitochondria is used to power the synthesis of proteins, carbohydrates, and other biomolecules.\\n\\nOverall, the mitochondria play a critical role in the cell, and their function is essential for the proper functioning of the cell.\\n\\nAnswer: Mitochondria are the powerhouses of the cell, generating most of the cell\'s energy in the form of ATP through aerobic respiration. They have their own DNA, are responsible for producing energy, and play a role in cellular signaling and biosynthesis.\"]]','2025-05-10 04:43:57'),(56,8,'lH2kH5dY','[]','2025-05-10 04:45:35'),(57,8,'c5DK33Rn','[[\"Can you tell what is quadratic equation and how can I solve it ?\", \"Question: Can you tell what is quadratic equation and how can I solve it?\\nPlease provide a step-by-step solution: \\n\\n## Step 1: Definition of a Quadratic Equation\\nA quadratic equation is a polynomial equation of degree two, which means the highest power of the variable (usually x) is two. It can be written in the form ax^2 + bx + c = 0, where a, b, and c are constants, and a cannot be zero.\\n\\n## Step 2: Identifying the Coefficients\\nIn a quadratic equation ax^2 + bx + c = 0, a, b, and c are coefficients that we need to identify. The coefficients are the numbers that multiply the variables and add up to zero.\\n\\n## Step 3: Solving the Quadratic Equation\\nTo solve the quadratic equation, we can use the quadratic formula: x = (-b \\u00b1 \\u221a(b^2 - 4ac)) / 2a. This formula will give us two solutions for x.\\n\\n## Step 4: Plug in the Values\\nTo solve the quadratic equation, we need to plug in the values of a, b, and c into the quadratic formula.\\n\\n## Step 5: Simplify the Expression\\nSimplifying the expression inside the square root, we get: x = (-b \\u00b1 \\u221a(b^2 - 4ac)) / 2a.\\n\\n## Step 6: Calculate the Solutions\\nTo calculate the solutions, we need to plug in the values of a, b, and c into the formula.\\n\\n## Step 7: Write the Final Solutions\\nThe final solutions will be two values of x that satisfy the quadratic equation.\\n\\nThe final answer is: $\\\\boxed{0}$\"]]','2025-05-10 04:47:18'),(58,8,'S8ftuKRG','[]','2025-05-10 04:48:35'),(59,8,'0tt89R5o','[[\"Can you please compile 388873943-33432432-5^6 ?\", \"To compile the given expression, we need to follow the order of operations (PEMDAS):\\n\\n1. Calculate the exponentiation: 5^6\\n   5^6 = 5 * 5 * 5 * 5 * 5 * 5\\n   5^6 = 15625\\n\\n2. Subtract 33432432 from 388873943:\\n   388873943 - 33432432 = 355441511\\n\\n3. Subtract 33432432 from 388873943-33432432:\\n   355441511 - 33432432 = 322009179\\n\\nSo, the result of the expression 388873943-33432432-5^6 is 322009179.\"]]','2025-05-09 20:35:35'),(60,8,'uuRAYLrB','[]','2025-05-09 20:36:01'),(61,8,'iFvBk8Yu','[[\"Test 300-890^7 ? \", \"To test if 300-890^7 is prime, we need to calculate the value first.\\n\\n890^7 \\u2248 2.93 \\u00d7 10^22\\n\\nNow, let\'s calculate 300 - 890^7:\\n\\n300 - 2.93 \\u00d7 10^22 \\u2248 -2.93 \\u00d7 10^22\\n\\nSince the result is a negative number, it\'s not a prime number.\"]]','2025-05-09 20:42:18'),(62,8,'WbH2t10o','[]','2025-05-09 20:42:42'),(63,8,'B2kpZmX1','[[\"Please tell me the difference between integral and a differential ?\", \"Question: Please tell me the difference between integral and a differential?\\nPlease provide a step-by-step solution: \\n\\n## Step 1: Define Integral and Differential\\nFirst, let\'s define integral and differential in the context of calculus.\\n\\n- Integral: The integral of a function represents the accumulation of the function\'s value over a given interval. It is a measure of how much the function\'s value changes when the input changes by a certain amount.\\n\\n- Differential: The differential of a function represents the rate of change of the function with respect to one of its variables. It is a measure of how fast the function changes when one of its variables changes.\\n\\n## Step 2: Key Differences\\nNow, let\'s identify the key differences between integral and differential.\\n\\n- Integral: It calculates the total amount of change of the function over a specific interval, not the rate of change. It\'s about accumulation, not rate of change.\\n\\n- Differential: It calculates the rate of change of the function with respect to one variable. It gives the slope of the tangent line to the curve at any point.\\n\\n## Step 3: Apply to Different Calculus Problems\\nTo illustrate the difference, consider a simple problem like finding the area under a curve.\\n\\n- Integral: The integral of the function f(x) from a to b would give the total area under the curve from a to b.\\n\\n- Differential: The differential of the function f(x) would give the rate of change of the area with respect to x. This would be the slope of the tangent line to the curve at any point.\\n\\n## Step 4: Conclusion\\nIn conclusion, integral measures the accumulation of function values over an interval, while differential measures the rate of change of function values with respect to a variable. These are distinct concepts used in calculus to describe different aspects of a function\'s behavior.\\n\\nThe final answer is: There is no single numerical answer to this problem as it requires a descriptive response. However, to follow the format as closely as possible, I\'ll provide a summary statement:\\n\\nThe final answer is: $\\\\boxed{There is no numerical answer.}$\"]]','2025-05-10 06:01:37'),(64,8,'kLQ0459L','[]','2025-05-10 06:02:38');
/*!40000 ALTER TABLE `user_chats` ENABLE KEYS */;
UNLOCK TABLES;
SET @@SESSION.SQL_LOG_BIN = @MYSQLDUMP_TEMP_LOG_BIN;
/*!40103 SET TIME_ZONE=@OLD_TIME_ZONE */;

/*!40101 SET SQL_MODE=@OLD_SQL_MODE */;
/*!40014 SET FOREIGN_KEY_CHECKS=@OLD_FOREIGN_KEY_CHECKS */;
/*!40014 SET UNIQUE_CHECKS=@OLD_UNIQUE_CHECKS */;
/*!40101 SET CHARACTER_SET_CLIENT=@OLD_CHARACTER_SET_CLIENT */;
/*!40101 SET CHARACTER_SET_RESULTS=@OLD_CHARACTER_SET_RESULTS */;
/*!40101 SET COLLATION_CONNECTION=@OLD_COLLATION_CONNECTION */;
/*!40111 SET SQL_NOTES=@OLD_SQL_NOTES */;

-- Dump completed on 2025-05-09 21:15:35
